59 °F,Clear.
61 °F,Passing clouds.
61 °F,Passing clouds.
59 °F,Passing clouds.
57 °F,Passing clouds.
57 °F,Passing clouds.
59 °F,Passing clouds.
57 °F,Passing clouds.
59 °F,Fog.
61 °F,Fog.
61 °F,Fog.
63 °F,Fog.
63 °F,Fog.
59 °F,Light rain. Fog.
61 °F,Fog.
61 °F,Fog.
61 °F,Fog.
61 °F,Scattered clouds.
61 °F,Fog.
59 °F,Passing clouds.
59 °F,Passing clouds.
59 °F,Fog.
59 °F,Fog.
57 °F,Fog.
57 °F,Fog.
57 °F,Fog.
57 °F,Fog.
57 °F,Fog.
55 °F,Fog.
55 °F,Fog.
55 °F,Fog.
55 °F,Fog.
57 °F,Fog.
57 °F,Fog.
59 °F,Fog.
61 °F,Fog.
63 °F,Fog.
63 °F,Fog.
63 °F,Fog.
63 °F,Fog.
63 °F,Fog.
64 °F,Fog.
63 °F,Fog.
57 °F,Fog.
55 °F,Fog.
55 °F,Fog.
54 °F,Fog.
54 °F,Fog.
54 °F,Fog.
54 °F,Fog.
54 °F,Fog.
52 °F,Fog.
52 °F,Fog.
52 °F,Fog.
52 °F,Fog.
52 °F,Fog.
52 °F,Fog.
54 °F,Fog.
55 °F,Fog.
59 °F,Fog.
64 °F,Fog.
64 °F,Scattered clouds.
68 °F,Scattered clouds.
70 °F,Scattered clouds.
68 °F,Scattered clouds.
68 °F,Scattered clouds.
66 °F,Scattered clouds.
66 °F,Passing clouds.
66 °F,Passing clouds.
64 °F,Passing clouds.
64 °F,Passing clouds.
57 °F,Clear.
57 °F,Clear.
59 °F,Fog.
57 °F,Fog.
55 °F,Fog.
54 °F,Fog.
54 °F,Fog.
54 °F,Fog.
54 °F,Fog.
54 °F,Fog.
59 °F,Fog.
61 °F,Fog.
63 °F,Fog.
66 °F,Haze.
68 °F,Haze.
68 °F,Partly sunny.
68 °F,Scattered clouds.
66 °F,Scattered clouds.
66 °F,Scattered clouds.
66 °F,Scattered clouds.
64 °F,Passing clouds.
63 °F,Passing clouds.
63 °F,Passing clouds.
63 °F,Fog.
61 °F,Fog.
61 °F,Fog.
61 °F,Fog.
61 °F,Fog.
61 °F,Fog.
61 °F,Fog.
59 °F,Fog.
59 °F,Fog.
59 °F,Fog.
61 °F,Fog.
61 °F,Fog.
63 °F,Fog.
63 °F,Fog.
64 °F,Fog.
66 °F,Fog.
66 °F,Fog.
68 °F,Fog.
66 °F,Fog.
68 °F,Scattered clouds.
66 °F,Fog.
64 °F,Fog.
63 °F,Fog.
63 °F,Fog.
63 °F,Fog.
63 °F,Fog.
63 °F,Fog.
63 °F,Fog.
63 °F,Fog.
61 °F,Fog.
61 °F,Light rain. Fog.
61 °F,Fog.
61 °F,Fog.
61 °F,Fog.
61 °F,Fog.
61 °F,Fog.
63 °F,Fog.
63 °F,Fog.
64 °F,Fog.
64 °F,Fog.
64 °F,Fog.
64 °F,Fog.
64 °F,Fog.
64 °F,Fog.
63 °F,Fog.
63 °F,Sprinkles. Fog.
61 °F,Sprinkles. Fog.
59 °F,Sprinkles. Fog.
61 °F,Sprinkles. Fog.
59 °F,Sprinkles. Passing clouds.
59 °F,Sprinkles. Passing clouds.
59 °F,Sprinkles. Passing clouds.
59 °F,Sprinkles. Passing clouds.
59 °F,Sprinkles. Passing clouds.
57 °F,Sprinkles. Passing clouds.
55 °F,Sprinkles. Passing clouds.
55 °F,Passing clouds.
55 °F,Passing clouds.
55 °F,Scattered clouds.
57 °F,Scattered clouds.
57 °F,Scattered clouds.
57 °F,Scattered clouds.
59 °F,Scattered clouds.
57 °F,Scattered clouds.
59 °F,Light rain. Scattered clouds.
57 °F,Light rain. Scattered clouds.
57 °F,Light rain. Scattered clouds.
54 °F,Light rain. Scattered clouds.
54 °F,Light rain. Scattered clouds.
52 °F,Light rain. Passing clouds.
52 °F,Light rain. Passing clouds.
54 °F,Passing clouds.
52 °F,Light rain. Passing clouds.
52 °F,Light rain. Passing clouds.
52 °F,Passing clouds.
52 °F,Passing clouds.
52 °F,Passing clouds.
52 °F,Passing clouds.
52 °F,Passing clouds.
52 °F,Passing clouds.
52 °F,Passing clouds.
52 °F,Fog.
52 °F,Fog.
52 °F,Fog.
54 °F,Fog.
55 °F,Scattered clouds.
57 °F,Scattered clouds.
59 °F,Scattered clouds.
57 °F,Scattered clouds.
57 °F,Scattered clouds.
57 °F,Scattered clouds.
57 °F,Scattered clouds.
55 °F,Scattered clouds.
54 °F,Passing clouds.
52 °F,Light rain. Passing clouds.
50 °F,Light rain. Passing clouds.
50 °F,Light rain. Passing clouds.
50 °F,Light rain. Passing clouds.
50 °F,Light rain. Passing clouds.
50 °F,Light rain. Passing clouds.
50 °F,Light rain. Fog.
48 °F,Light rain. Fog.
50 °F,Light rain. Fog.
48 °F,Light rain. Fog.
48 °F,Light rain. Partly cloudy.
50 °F,Light rain. Partly cloudy.
50 °F,Light rain. Fog.
50 °F,Light rain. Partly sunny.
52 °F,Light rain. Fog.
52 °F,Light rain. Partly sunny.
54 °F,Partly sunny.
54 °F,Partly sunny.
54 °F,Partly sunny.
57 °F,Scattered clouds.
55 °F,Scattered clouds.
55 °F,Scattered clouds.
54 °F,Scattered clouds.
54 °F,Passing clouds.
54 °F,Partly cloudy.
54 °F,Partly cloudy.
54 °F,Passing clouds.
52 °F,Passing clouds.
52 °F,Fog.
50 °F,Fog.
50 °F,Fog.
50 °F,Fog.
48 °F,Fog.
48 °F,Fog.
48 °F,Fog.
48 °F,Fog.
48 °F,Fog.
52 °F,Fog.
54 °F,Fog.
55 °F,Fog.
55 °F,Fog.
55 °F,Fog.
55 °F,Fog.
55 °F,Fog.
55 °F,Scattered clouds.
57 °F,Scattered clouds.
55 °F,Partly sunny.
54 °F,Passing clouds.
54 °F,Passing clouds.
54 °F,Passing clouds.
55 °F,Passing clouds.
54 °F,Passing clouds.
55 °F,Passing clouds.
54 °F,Passing clouds.
54 °F,Passing clouds.
54 °F,Passing clouds.
54 °F,Light rain. Passing clouds.
52 °F,Fog.
54 °F,Light rain. Fog.
52 °F,Fog.
52 °F,Light rain. Fog.
54 °F,Light rain. Fog.
54 °F,Light rain. Partly sunny.
54 °F,Partly sunny.
55 °F,Fog.
55 °F,Fog.
55 °F,Fog.
57 °F,Scattered clouds.
57 °F,Scattered clouds.
57 °F,Scattered clouds.
55 °F,Scattered clouds.
55 °F,Passing clouds.
54 °F,Light rain. Passing clouds.
54 °F,Light rain. Passing clouds.
54 °F,Fog.
52 °F,Fog.
52 °F,Fog.
48 °F,Fog.
46 °F,Fog.
50 °F,Fog.
50 °F,Fog.
50 °F,Fog.
50 °F,Fog.
50 °F,Fog.
48 °F,Fog.
50 °F,Fog.
50 °F,Fog.
52 °F,Fog.
54 °F,Fog.
59 °F,Fog.
63 °F,Fog.
63 °F,Scattered clouds.
63 °F,Scattered clouds.
63 °F,Passing clouds.
59 °F,Passing clouds.
55 °F,Passing clouds.
57 °F,Passing clouds.
59 °F,Passing clouds.
59 °F,Passing clouds.
57 °F,Passing clouds.
55 °F,Clear.
55 °F,Clear.
55 °F,Clear.
55 °F,Fog.
55 °F,Fog.
55 °F,Fog.
55 °F,Fog.
55 °F,Fog.
55 °F,Fog.
55 °F,Fog.
57 °F,Fog.
59 °F,Fog.
61 °F,Fog.
63 °F,Fog.
66 °F,Haze.
66 °F,Scattered clouds.
64 °F,Haze.
64 °F,Haze.
63 °F,Haze.
61 °F,Clear.
61 °F,Clear.
61 °F,Clear.
57 °F,Fog.
57 °F,Fog.
57 °F,Fog.
57 °F,Fog.
57 °F,Fog.
57 °F,Fog.
55 °F,Fog.
55 °F,Fog.
55 °F,Fog.
55 °F,Fog.
55 °F,Fog.
57 °F,Fog.
59 °F,Fog.
61 °F,Fog.
64 °F,Fog.
66 °F,Fog.
68 °F,Haze.
66 °F,Haze.
66 °F,Haze.
66 °F,Haze.
63 °F,Fog.
61 °F,Fog.
61 °F,Fog.
61 °F,Fog.
57 °F,Fog.
57 °F,Fog.
57 °F,Fog.
57 °F,Fog.
59 °F,Fog.
57 °F,Fog.
57 °F,Fog.
57 °F,Fog.
57 °F,Fog.
57 °F,Fog.
59 °F,Fog.
59 °F,Fog.
59 °F,Fog.
61 °F,Fog.
61 °F,Fog.
63 °F,Fog.
63 °F,Fog.
64 °F,Fog.
64 °F,Fog.
63 °F,Fog.
63 °F,Fog.
63 °F,Fog.
61 °F,Fog.
59 °F,Fog.
59 °F,Fog.
59 °F,Fog.
61 °F,Fog.
59 °F,Fog.
59 °F,Fog.
57 °F,Fog.
57 °F,Fog.
57 °F,Fog.
57 °F,Fog.
57 °F,Fog.
57 °F,Fog.
57 °F,Fog.
59 °F,Fog.
61 °F,Fog.
63 °F,Fog.
64 °F,Fog.
66 °F,Fog.
68 °F,Scattered clouds.
68 °F,Haze.
68 °F,Haze.
68 °F,Fog.
64 °F,Fog.
63 °F,Fog.
61 °F,Fog.
61 °F,Fog.
61 °F,Fog.
61 °F,Fog.
61 °F,Fog.
61 °F,Fog.
59 °F,Fog.
59 °F,Fog.
59 °F,Fog.
59 °F,Fog.
59 °F,Fog.
59 °F,Fog.
59 °F,Fog.
61 °F,Fog.
63 °F,Fog.
66 °F,Fog.
68 °F,Fog.
70 °F,Haze.
70 °F,Scattered clouds.
70 °F,Scattered clouds.
72 °F,Scattered clouds.
70 °F,Scattered clouds.
68 °F,Scattered clouds.
68 °F,Passing clouds.
68 °F,Passing clouds.
66 °F,Fog.
66 °F,Fog.
64 °F,Fog.
63 °F,Fog.
63 °F,Fog.
63 °F,Fog.
61 °F,Fog.
61 °F,Fog.
61 °F,Fog.
61 °F,Fog.
59 °F,Fog.
61 °F,Fog.
61 °F,Fog.
63 °F,Fog.
64 °F,Fog.
64 °F,Fog.
66 °F,Fog.
70 °F,Scattered clouds.
72 °F,Scattered clouds.
70 °F,Scattered clouds.
70 °F,Haze.
68 °F,Fog.
66 °F,Fog.
64 °F,Fog.
59 °F,Fog.
59 °F,Fog.
64 °F,Fog.
63 °F,Fog.
61 °F,Fog.
61 °F,Fog.
61 °F,Fog.
61 °F,Fog.
61 °F,Fog.
61 °F,Fog.
61 °F,Fog.
61 °F,Fog.
61 °F,Fog.
63 °F,Fog.
63 °F,Fog.
63 °F,Fog.
64 °F,Fog.
66 °F,Fog.
66 °F,Fog.
66 °F,Fog.
66 °F,Fog.
64 °F,Fog.
64 °F,Fog.
63 °F,Fog.
63 °F,Fog.
63 °F,Fog.
63 °F,Fog.
61 °F,Fog.
61 °F,Fog.
61 °F,Fog.
59 °F,Fog.
61 °F,Fog.
59 °F,Fog.
61 °F,Fog.
59 °F,Fog.
59 °F,Fog.
61 °F,Fog.
61 °F,Fog.
63 °F,Fog.
64 °F,Fog.
70 °F,Clear.
72 °F,Sunny.
73 °F,Sunny.
72 °F,Passing clouds.
70 °F,Sunny.
66 °F,Clear.
61 °F,Clear.
59 °F,Clear.
59 °F,Clear.
57 °F,Clear.
55 °F,Fog.
57 °F,Fog.
55 °F,Fog.
55 °F,Fog.
55 °F,Fog.
54 °F,Fog.
54 °F,Fog.
55 °F,Fog.
57 °F,Fog.
59 °F,Fog.
57 °F,Fog.
59 °F,Fog.
61 °F,Fog.
61 °F,Fog.
61 °F,Fog.
63 °F,Light rain. Fog.
63 °F,Fog.
63 °F,Fog.
63 °F,Fog.
61 °F,Fog.
63 °F,Fog.
63 °F,Fog.
63 °F,Fog.
63 °F,Fog.
61 °F,Fog.
61 °F,Fog.
61 °F,Fog.
61 °F,Fog.
59 °F,Fog.
61 °F,Fog.
61 °F,Passing clouds.
57 °F,Passing clouds.
57 °F,Passing clouds.
55 °F,Scattered clouds.
54 °F,Scattered clouds.
54 °F,Scattered clouds.
52 °F,Scattered clouds.
52 °F,Scattered clouds.
52 °F,Partly sunny.
52 °F,Partly sunny.
52 °F,Scattered clouds.
52 °F,Scattered clouds.
52 °F,Scattered clouds.
52 °F,Partly sunny.
50 °F,Passing clouds.
50 °F,Passing clouds.
50 °F,Passing clouds.
50 °F,Light rain. Passing clouds.
48 °F,Light rain. Passing clouds.
48 °F,Passing clouds.
48 °F,Passing clouds.
48 °F,Passing clouds.
48 °F,Passing clouds.
48 °F,Passing clouds.
48 °F,Passing clouds.
48 °F,Passing clouds.
48 °F,Passing clouds.
48 °F,Scattered clouds.
50 °F,Scattered clouds.
50 °F,Scattered clouds.
50 °F,Scattered clouds.
50 °F,Scattered clouds.
50 °F,Passing clouds.
52 °F,Sunny.
50 °F,Sunny.
50 °F,Passing clouds.
50 °F,Passing clouds.
50 °F,Sunny.
48 °F,Clear.
48 °F,Clear.
48 °F,Passing clouds.
48 °F,Clear.
46 °F,Passing clouds.
46 °F,Clear.
46 °F,Clear.
46 °F,Clear.
46 °F,Passing clouds.
45 °F,Passing clouds.
45 °F,Passing clouds.
45 °F,Passing clouds.
45 °F,Passing clouds.
45 °F,Scattered clouds.
45 °F,Scattered clouds.
45 °F,Light rain. Fog.
45 °F,Light rain. Partly sunny.
45 °F,Partly sunny.
46 °F,Scattered clouds.
46 °F,Scattered clouds.
45 °F,Partly sunny.
46 °F,Partly sunny.
46 °F,Partly sunny.
45 °F,Partly sunny.
45 °F,Passing clouds.
45 °F,Passing clouds.
45 °F,Passing clouds.
45 °F,Passing clouds.
45 °F,Passing clouds.
45 °F,Passing clouds.
43 °F,Passing clouds.
39 °F,Passing clouds.
39 °F,Clear.
39 °F,Clear.
36 °F,Fog.
36 °F,Fog.
41 °F,Clear.
39 °F,Fog.
41 °F,Fog.
45 °F,Fog.
46 °F,Fog.
48 °F,Partly sunny.
50 °F,Partly sunny.
50 °F,Scattered clouds.
50 °F,Scattered clouds.
50 °F,Partly sunny.
48 °F,Partly sunny.
48 °F,Partly sunny.
46 °F,Passing clouds.
48 °F,Passing clouds.
48 °F,Passing clouds.
46 °F,Passing clouds.
46 °F,Passing clouds.
43 °F,Passing clouds.
45 °F,Passing clouds.
46 °F,Passing clouds.
46 °F,Fog.
46 °F,Fog.
46 °F,Fog.
45 °F,Fog.
45 °F,Fog.
43 °F,Fog.
45 °F,Fog.
48 °F,Fog.
54 °F,Passing clouds.
57 °F,Passing clouds.
59 °F,Passing clouds.
59 °F,Passing clouds.
57 °F,Passing clouds.
57 °F,Passing clouds.
57 °F,Sunny.
54 °F,Sunny.
50 °F,Clear.
50 °F,Clear.
50 °F,Clear.
50 °F,Clear.
48 °F,Passing clouds.
45 °F,Clear.
43 °F,Clear.
43 °F,Clear.
45 °F,Clear.
41 °F,Clear.
41 °F,Clear.
41 °F,Clear.
41 °F,Clear.
45 °F,Clear.
48 °F,Fog.
52 °F,Clear.
54 °F,Clear.
54 °F,Passing clouds.
55 °F,Passing clouds.
55 °F,Passing clouds.
55 °F,Passing clouds.
55 °F,Passing clouds.
54 °F,Passing clouds.
52 °F,Clear.
52 °F,Clear.
50 °F,Clear.
50 °F,Clear.
50 °F,Clear.
50 °F,Clear.
48 °F,Clear.
50 °F,Clear.
48 °F,Clear.
48 °F,Clear.
48 °F,Fog.
48 °F,Fog.
48 °F,Fog.
48 °F,Fog.
48 °F,Fog.
50 °F,Fog.
50 °F,Fog.
52 °F,Fog.
54 °F,Scattered clouds.
55 °F,Scattered clouds.
55 °F,Haze.
57 °F,Haze.
55 °F,Scattered clouds.
55 °F,Scattered clouds.
55 °F,Scattered clouds.
54 °F,Passing clouds.
52 °F,Passing clouds.
52 °F,Passing clouds.
52 °F,Passing clouds.
50 °F,Passing clouds.
50 °F,Fog.
50 °F,Passing clouds.
50 °F,Passing clouds.
50 °F,Passing clouds.
50 °F,Passing clouds.
50 °F,Light rain. Passing clouds.
48 °F,Light rain. Fog.
48 °F,Light rain. Fog.
48 °F,Light rain. Fog.
48 °F,Fog.
50 °F,Fog.
52 °F,Fog.
55 °F,Clear.
57 °F,Passing clouds.
59 °F,Scattered clouds.
59 °F,Scattered clouds.
59 °F,Passing clouds.
59 °F,Sunny.
54 °F,Sunny.
55 °F,Clear.
55 °F,Clear.
54 °F,Clear.
54 °F,Passing clouds.
54 °F,Passing clouds.
54 °F,Passing clouds.
54 °F,Passing clouds.
52 °F,Passing clouds.
50 °F,Passing clouds.
50 °F,Passing clouds.
52 °F,Passing clouds.
50 °F,Passing clouds.
52 °F,Passing clouds.
52 °F,Fog.
52 °F,Scattered clouds.
55 °F,Scattered clouds.
55 °F,Scattered clouds.
59 °F,Sunny.
63 °F,Sunny.
63 °F,Passing clouds.
63 °F,Sunny.
63 °F,Passing clouds.
61 °F,Passing clouds.
55 °F,Sunny.
52 °F,Clear.
48 °F,Clear.
48 °F,Clear.
52 °F,Clear.
52 °F,Clear.